"session","benchmark","10%(us)","20%(us)","50%(us)","75%(us)","90%(us)","95%(us)","99%(us)","99.9%(us)","99.99%(us)","max(us)","operations","duration(ms)","throughput"
4_1_1_3M,IntIntMapTest-get,0.100000000000,0.200000000000,0.500000000000,0.750000000000,0.900000000000,0.950000000000,0.990625000000,0.999023437500,0.999902343750,1.000000000000,625769,296031,2113.863075150913
4_1_1_3M,IntIntMapTest-set,0.100000000000,0.200000000000,0.500000000000,0.750000000000,0.900000000000,0.950000000000,0.990625000000,0.999023437500,0.999902343750,1.000000000000,268308,296031,906.3510240481571
4_1_1_3M_fixed_io,IntIntMapTest-get,0.100000000000,0.200000000000,0.500000000000,0.750000000000,0.900000000000,0.950000000000,0.990625000000,0.999023437500,0.999902343750,1.000000000000,624923,296033,2110.9910043812683
4_1_1_3M_fixed_io,IntIntMapTest-set,0.100000000000,0.200000000000,0.500000000000,0.750000000000,0.900000000000,0.950000000000,0.990625000000,0.999023437500,0.999902343750,1.000000000000,269161,296033,909.2263362530529
